Workbook

Sheet 1_Problem_Data
B1: AGGREGATE PLANNING — SEARCH DECISION RULE (SDR) METHOD
B2: GIVEN DATA: Monthly Demand Forecast
B3: Month | C3: Jan (t=1) | D3: Feb (t=2) | E3: Mar (t=3) | F3: Apr (t=4) | G3: May (t=5) | H3: Jun (t=6) | I3: Total | J3: Average
B4: Demand (Units) | C4: 1200 | D4: 1500 | E4: 1800 | F4: 2100 | G4: 1900 | H4: 1600 | I4: =SUM(C4:H4) -> 10100 | J4: =AVERAGE(C4:H4) -> 1683.3333
B6: COST & OPERATIONAL PARAMETERS (Named Ranges — used in all formula sheets)
B7: PARAMETER | C7: SYMBOL | D7: VALUE | E7: UNIT | F7: NAMED RANGE
B8: Production rate/worker | C8: p | D8: 30 | E8: units/worker/month | F8: prod_rate
B9: Initial workforce | C9: W0 | D9: 50 | E9: workers | F9: W0
B10: Initial inventory | C10: I0 | D10: 200 | E10: units | F10: I0
B11: Hiring cost | C11: Ch_hire | D11: 5000 | E11: ₹/worker hired | F11: c_hire
B12: Firing cost | C12: Ch_fire | D12: 8000 | E12: ₹/worker fired | F12: c_fire
B13: Holding cost | C13: Ch_hold | D13: 20 | E13: ₹/unit/month | F13: c_hold
B14: Backorder cost | C14: Cb | D14: 50 | E14: ₹/unit/month | F14: c_back
B15: Labour cost/worker | C15: Cw | D15: 12000 | E15: ₹/worker/month | F15: c_labour
B16: ⚠ Named ranges (prod_rate, W0, I0, c_hire, c_fire, c_hold, c_back, c_labour) defined in Formulas Manager — referenced in Sheet 2.

Sheet 2_SDR_Optimal_Plan
B1: SDR OPTIMAL SOLUTION — STEP-BY-STEP CALCULATION
B2: Optimal Workforce: W* = 55 workers (Level Strategy) | Total Minimum Cost: ₹ 40,33,500
B4: Month | C4: Workforce Wt | D4: Production Pt = 30×Wt | E4: Demand Dt | F4: ΔW (Wt−Wt₋₁) | G4: Hire Ht | H4: Fire Ft | I4: Inventory It | J4: Labour Cost ₹ | K4: Hire Cost ₹ | L4: Fire Cost ₹ | M4: Hold Cost ₹ | N4: Back Cost ₹ | O4: Monthly TC ₹
B5: January | C5: 55 | D5: =C5*$R$5 -> 1650 | E5: 1200 | F5: =C5-$R$11 -> 5 | G5: =MAX(0,F5) -> 5 | H5: =MAX(0,-F5) -> 0 | I5: =$R$12+D5-E5 -> 650 | J5: =C5*$R$10 -> 660000 | K5: =G5*$R$8 -> 25000 | L5: =H5*$R$9 -> 0 | M5: =MAX(0,I5)*$R$6 -> 13000 | N5: =MAX(0,-I5)*$R$7 -> 0 | O5: =J5+K5+L5+M5+N5 -> 698000 | Q5: Production Rate | R5: 30
B6: February | C6: 55 | D6: =C6*$R$5 -> 1650 | E6: 1500 | F6: =C6-C5 -> 0 | G6: =MAX(0,F6) -> 0 | H6: =MAX(0,-F6) -> 0 | I6: 800 | J6: =C6*$R$10 -> 660000 | K6: =G6*$R$8 -> 0 | L6: =H6*$R$9 -> 0 | M6: =MAX(0,I6)*$R$6 -> 16000 | N6: =MAX(0,-I6)*$R$7 -> 0 | O6: =J6+K6+L6+M6+N6 -> 676000 | Q6: Holding Cost | R6: 20
B7: March | C7: 55 | D7: =C7*$R$5 -> 1650 | E7: 1800 | F7: =C7-C6 -> 0 | G7: =MAX(0,F7) -> 0 | H7: =MAX(0,-F7) -> 0 | I7: 650 | J7: =C7*$R$10 -> 660000 | K7: =G7*$R$8 -> 0 | L7: =H7*$R$9 -> 0 | M7: =MAX(0,I7)*$R$6 -> 13000 | N7: =MAX(0,-I7)*$R$7 -> 0 | O7: =J7+K7+L7+M7+N7 -> 673000 | Q7: Back Order Cost | R7: 50
B8: April | C8: 55 | D8: =C8*$R$5 -> 1650 | E8: 2100 | F8: =C8-C7 -> 0 | G8: =MAX(0,F8) -> 0 | H8: =MAX(0,-F8) -> 0 | I8: 200 | J8: =C8*$R$10 -> 660000 | K8: =G8*$R$8 -> 0 | L8: =H8*$R$9 -> 0 | M8: =MAX(0,I8)*$R$6 -> 4000 | N8: =MAX(0,-I8)*$R$7 -> 0 | O8: =J8+K8+L8+M8+N8 -> 664000 | Q8: Hiring Cost | R8: 5000
B9: May | C9: 55 | D9: =C9*$R$5 -> 1650 | E9: 1900 | F9: =C9-C8 -> 0 | G9: =MAX(0,F9) -> 0 | H9: =MAX(0,-F9) -> 0 | I9: -50 | J9: =C9*$R$10 -> 660000 | K9: =G9*$R$8 -> 0 | L9: =H9*$R$9 -> 0 | M9: =MAX(0,I9)*$R$6 -> 0 | N9: =MAX(0,-I9)*$R$7 -> 2500 | O9: =J9+K9+L9+M9+N9 -> 662500 | Q9: Firing Cost | R9: 8000
B10: June | C10: 55 | D10: =C10*$R$5 -> 1650 | E10: 1600 | F10: =C10-C9 -> 0 | G10: =MAX(0,F10) -> 0 | H10: =MAX(0,-F10) -> 0 | I10: 0 | J10: =C10*$R$10 -> 660000 | K10: =G10*$R$8 -> 0 | L10: =H10*$R$9 -> 0 | M10: =MAX(0,I10)*$R$6 -> 0 | N10: =MAX(0,-I10)*$R$7 -> 0 | O10: =J10+K10+L10+M10+N10 -> 660000 | Q10: Labour Cost | R10: 12000
B11: GRAND TOTAL | I11: =SUM(I5:I10) -> 2250 | J11: =SUM(J5:J10) -> 3960000 | K11: =SUM(K5:K10) -> 25000 | L11: =SUM(L5:L10) -> 0 | M11: =SUM(M5:M10) -> 46000 | N11: =SUM(N5:N10) -> 2500 | O11: =SUM(O5:O10) -> 4033500 | Q11: Initial workforce | R11: 50
Q12: Initial Inventory | R12: 200
B13: VERIFICATION: Manual TC = ₹39,60,000 + ₹25,000 + ₹0 + ₹46,000 + ₹2,500 = ₹40,33,500 | Excel SUM(N5:N10) = ₹40,33,500 | MATCH CONFIRMED
B15: KEY FORMULAS USED IN THIS SHEET
B16: Cost Component | E16: Formula | H16: Explanation / Example
B17: Production (Pt) | E17: Pt = Wt x 30 | H17: Excel: =C5*30 e.g. 55x30 = 1,650 units
B18: DeltaW (change) | E18: DW = Wt - Wt-1 | H18: Jan: =C5-50 (W0=50); Feb onwards: =C6-C5
B19: Hire (Ht) | E19: Ht = MAX(0, DW) | H19: Only positive change = new hires
B20: Fire (Ft) | E20: Ft = MAX(0, -DW) | H20: Only negative change = layoffs
B21: Inventory (It) | E21: It = It-1 + Pt - Dt | H21: Jan: =200+D5-B5; Feb: =H5+D6-B6 ...
B22: Holding Cost | E22: MAX(0, It) x Ch_hold | H22: Cost only when inventory is positive
B23: Backorder Cost | E23: MAX(0, -It) x Cb | H23: Cost only when inventory is negative (May)
B24: Monthly TC | E24: Labour+Hire+Fire+Hold+Back | H24: Sum of all 5 cost components per month

Sheet 3_SDR_Trial_Comparison
B1: SDR TRIAL SOLUTIONS — ALL TRIALS COMPARED
B2: SDR tests each candidate solution and accepts only those that reduce total cost. Green = Accepted | Red = Rejected
B4: Trial | C4: W₁ (Jan) | D4: W₂ (Feb) | E4: W₃ (Mar) | F4: W₄ (Apr) | G4: W₅ (May) | H4: W₆ (Jun) | I4: Labour Cost ₹ | J4: Hire Cost | K4: Fire Cost ₹ | L4: Hold Cost | M4: Back Cost ₹ | N4: TOTAL TC ₹ | O4: Strategy | P4: Decision
B5: T1 | C5: 57 | D5: 55 | E5: 57 | F5: 57 | G5: 57 | H5: 57 | I5: 4080000 | J5: 45000 | K5: 16000 | L5: 47200 | M5: 2500 | N5: =I5+K5+M5+L5+J5 -> 4190700 | O5: Level W=57 (baseline) | P5: BASELINE
B6: T2 | C6: 55 | D6: 55 | E6: 55 | F6: 55 | G6: 55 | H6: 55 | I6: 3960000 | J6: 25000 | K6: 0 | L6: 46000 | M6: 33500 | N6: =I6+K6+M6+L6+J6 -> 4064500 | O6: Level W=55 | P6: ✓ ACCEPT
B7: T3 | C7: 52 | D7: 52 | E7: 60 | F7: 65 | G7: 58 | H7: 52 | I7: 4068000 | J7: 75000 | K7: 104000 | L7: 44200 | M7: 2500 | N7: =I7+K7+M7+L7+J7 -> 4293700 | O7: Chase demand (modified) | P7: ✗ REJECT
B8: T4 | C8: 54 | D8: 54 | E8: 54 | F8: 54 | G8: 54 | H8: 54 | I8: 3888000 | J8: 20000 | K8: 0 | L8: 45400 | M8: 2500 | N8: =I8+K8+M8+L8+J8 -> 3955900 | O8: Level W=54 | P8: ✗ REJECT
B9: T5 | C9: 55 | D9: 55 | E9: 60 | F9: 60 | G9: 55 | H9: 55 | I9: 4080000 | J9: 50000 | K9: 40000 | L9: 46000 | M9: 2500 | N9: =I9+K9+M9+L9+J9 -> 4218500 | O9: Moderate flex W55-60 | P9: ✗ REJECT
B10: T6 | C10: 50 | D10: 55 | E10: 60 | F10: 70 | G10: 64 | H10: 54 | I10: 4236000 | J10: 100000 | K10: 128000 | L10: 43000 | M10: 2500 | N10: =I10+K10+M10+L10+J10 -> 4509500 | O10: Full chase strategy | P10: ✗ REJECT
B11: T7 | C11: 55 | D11: 56 | E11: 55 | F11: 55 | G11: 55 | H11: 55 | I11: 3972000 | J11: 30000 | K11: 8000 | L11: 46000 | M11: 2500 | N11: =I11+K11+M11+L11+J11 -> 4058500 | O11: Perturb period 2 +1 | P11: ✗ REJECT
B12: T8 | C12: 56 | D12: 55 | E12: 55 | F12: 55 | G12: 55 | H12: 55 | I12: 3972000 | J12: 30000 | K12: 8000 | L12: 46600 | M12: 2500 | N12: =I12+K12+M12+L12+J12 -> 4059100 | O12: Perturb period 1 +1 | P12: ✗ REJECT
B13: T9 | C13: 55 | D13: 55 | E13: 56 | F13: 55 | G13: 55 | H13: 55 | I13: 3972000 | J13: 30000 | K13: 8000 | L13: 46000 | M13: 2500 | N13: =I13+K13+M13+L13+J13 -> 4058500 | O13: Perturb period 3 +1 | P13: ✗ REJECT
B14: T10 | C14: 55 | D14: 55 | E14: 55 | F14: 55 | G14: 55 | H14: 55 | I14: 3960000 | J14: 25000 | K14: 0 | L14: 46000 | M14: 2500 | N14: =I14+K14+M14+L14+J14 -> 4033500 | O14: SDR CONVERGED — OPTIMAL | P14: ★ OPTIMAL
B16: SDR CONVERGENCE RULE: Algorithm stops when no single-variable perturbation (±1 worker in any period) reduces Total Cost below ₹40,33,500

Sheet 4_Cost_Breakdown
B1: OPTIMAL PLAN — COMPLETE COST BREAKDOWN
B3: Month | C3: Labour Cost ₹ | D3: Hire Cost ₹ | E3: Fire Cost ₹ | F3: Holding Cost ₹ | G3: Backorder Cost ₹ | H3: Monthly TC ₹
B4: January | C4: 660000 | D4: 25000 | E4: 0 | F4: 13000 | G4: 0 | H4: 698000
B5: February | C5: 660000 | D5: 0 | E5: 0 | F5: 16000 | G5: 0 | H5: 676000
B6: March | C6: 660000 | D6: 0 | E6: 0 | F6: 13000 | G6: 0 | H6: 673000
B7: April | C7: 660000 | D7: 0 | E7: 0 | F7: 4000 | G7: 0 | H7: 664000
B8: May | C8: 660000 | D8: 0 | E8: 0 | F8: 0 | G8: 2500 | H8: 662500
B9: June | C9: 660000 | D9: 0 | E9: 0 | F9: 0 | G9: 0 | H9: 660000
B10: GRAND TOTAL | C10: =SUM(C4:C9) -> 3960000 | D10: =SUM(D4:D9) -> 25000 | E10: =SUM(E4:E9) -> 0 | F10: =SUM(F4:F9) -> 46000 | G10: =SUM(G4:G9) -> 2500 | H10: =SUM(H4:H9) -> 4033500
B12: COST COMPONENT ANALYSIS
B13: Cost Component | C13: Amount (₹) | D13: % of Total TC | E13: Remarks
B14: Regular Labour | C14: 3960000 | D14: =C14/'4_Cost_Breakdown'!H10 -> 0.98177761 | E14: Dominant cost — 98.18%
B15: Holding Cost | C15: 46000 | D15: =C15/'4_Cost_Breakdown'!H10 -> 0.011404487 | E15: Inventory carrying in Jan–Apr
B16: Hiring Cost | C16: 25000 | D16: =C16/'4_Cost_Breakdown'!H10 -> 0.006198091 | E16: Only 5 workers hired in January
B17: Backorder Cost | C17: 2500 | D17: =C17/'4_Cost_Breakdown'!H10 -> 0.0006198091 | E17: 50 units short in May
B18: Firing Cost | C18: 0 | D18: =C18/'4_Cost_Breakdown'!H10 -> 0 | E18: Zero firings — level strategy
B19: TOTAL | C19: 4033500 | D19: =SUM(D14:D18) -> 1 | E19: VERIFIED MATCH

Sheet 5_Inventory_Trace
B1: INVENTORY BALANCE TRACE — OPTIMAL PLAN (W=55)
B3: Month | C3: Iₜ₋₁ (Prev Inv) | D3: Production Pt = 1,650 | E3: Demand Dt | F3: Inventory It = Iₜ₋₁+Pt−Dt | G3: Status | H3: Holding ₹ / Backorder ₹
B4: January | C4: 200 | D4: 1650 | E4: 1200 | F4: 650 | G4: Holding | H4: ₹13,000 holding
B5: February | C5: 650 | D5: 1650 | E5: 1500 | F5: 800 | G5: Holding | H5: ₹16,000 holding
B6: March | C6: 800 | D6: 1650 | E6: 1800 | F6: 650 | G6: Holding | H6: ₹13,000 holding
B7: April | C7: 650 | D7: 1650 | E7: 2100 | F7: 200 | G7: Holding | H7: ₹4,000 holding
B8: May | C8: 200 | D8: 1650 | E8: 1900 | F8: -50 | G8: BACKORDER ⚠ | H8: ₹2,500 backorder
B9: June | C9: -50 | D9: 1650 | E9: 1600 | F9: 0 | G9: Zero | H9: ₹0
B11: Formula: It = Iₜ₋₁ + Pt − Dt | Holding cost = MAX(0, It) × ₹20 | Backorder cost = MAX(0, −It) × ₹50 | I₀ = 200 units (given)
